-------------- gender_domain table ------------- 
INSERT INTO gender_domain VALUES(001,
  'male');
INSERT INTO gender_domain VALUES(002,
  'female');

-------------- job_domain table ------------- 
INSERT INTO job_domain VALUES(001,
  'full-time');
INSERT INTO job_domain VALUES(002,
  'part-time');

-------------- pay_domain table ------------- 
INSERT INTO pay_domain VALUES(001,
  'salary');
INSERT INTO pay_domain VALUES(002,
  'wage');

-------------- status_domain table ---------- 
INSERT INTO status_domain VALUES(001,
  'active');
INSERT INTO status_domain VALUES(002,
  'expired');
INSERT INTO status_domain VALUES(003,
  'current');
INSERT INTO status_domain VALUES(004,
  'previous');

-------------- difficulty_domain table ------------- 
INSERT INTO difficulty_domain VALUES(001,
  'beginner');
INSERT INTO difficulty_domain VALUES(002,
  'medium');
INSERT INTO difficulty_domain VALUES(003,
  'advanced');

-------------- format_domain table ---------- 
INSERT INTO format_domain VALUES(001,
  'classroom');
INSERT INTO format_domain VALUES(002,
  'online-sync');
INSERT INTO format_domain VALUES(003,
  'online-selfpaced');
INSERT INTO format_domain VALUES(004,
  'correspondence');

------------- Person Table -----------------
INSERT INTO Person VALUES(1234567890,
  'Garrick Ranck',
  '2208 Ormond Boulevard',
  70047,
  'granck@uno.edu',
  001,
  '5403394734');
INSERT INTO Person VALUES(0987654321,
  'Jimminy Cricket',
  '543 Whale Avenue',
  99999,
  'gangstercricket@gmail.com',
  001,
  '5043331234');
INSERT INTO Person VALUES(1111111111,
  'Pinochio Longnose',
  '24 Wood Street',
  24242,
  'Liarliar@hotmail.com',
  001,
  '5042644567');
INSERT INTO Person VALUES(2222222222,
  'Prince Humperdinck',
  '1 Castle Lane',
  00001,
  'wannabeking@hotmail.com',
  001,
  '9857642468');
INSERT INTO Person VALUES(3412569078,
  'Phoebe Buffay',
  '62 Fresh Pond Road',
  11379,
  'smellycat@gmail.com',
  002,
  '5040008765');
INSERT INTO Person VALUES(9182736450,
  'Kitty Forman',
  '2135 Rimrock Road',
  53731,
  'alcoholic@gmail.com',
  002,
  '6082341120');
INSERT INTO Person VALUES(7701488321,
  'Amy Fowler',
  '613 E. Broadway',
  91206,
  'geniusbio@harvard.edu',
  002,
  '7175679012');
INSERT INTO Person VALUES(4444444444,
  'April Ludgate',
  '107 S. Indiana Avenue',
  47405,
  'recreationalist@indi.com',
  002,
  '8124848855');
INSERT INTO Person VALUES(5555555555,
  'Eric Cartman',
  '28201 E. Bonanza St.',
  34076,
  'narcissiticdevil@park.com',
  001,
  '5552156734');
INSERT INTO Person VALUES(6969696969,
  'Barney Stinson',
  'East 84 Street',
  10001,
  'legendary@goliath.com',
  001,
  '2351106969');
INSERT INTO Person VALUES(6666666666,
  'Sue Sylvester',
  '4 University Terrace',
  45701,
  'cheerioqueen@mckenly.edu',
  002,
  '4671236666');
INSERT INTO Person VALUES(4545454545,
  'Miss Piggy',
  '111 Sesame Street',
  10101,
  'mmmbacon@pbs.org',
  002,
  '1239875600');
INSERT INTO Person VALUES(8105432678,
  'Fran Fine',
  '370 S. Fairfax Avenue',
  90036,
  'annoyingnasal@richpeople.com',
  002,
  '5973450003');
INSERT INTO Person VALUES(2580134679,
  'Dwight Schrute',
  '611 Crazy Lane',
  43657,
  'thatweirdguy@gmail.com',
  001,
  '2681239087');
INSERT INTO Person VALUES(6543290133,
  'Will Smith',
  '251 N. Bristol Avenue',
  90049,
  'freshprince@hills.com',
  001,
  '9012347777');
INSERT INTO Person VALUES(2299447755,
  'Daffy Duck',
  '56 Loony Toon Drive',
  23495,
  'lisssspppp@loony.com',
  001,
  '3053995782');
  

----------- Company Table --------------------
INSERT INTO Company VALUES(1234567890,
  '1521 Baker Street',
  45678,
  'entertainment',
  'electronics',
  'koolelectronics.com');
INSERT INTO Company VALUES(2341567912,
  '211 Spooner Street',
  90123,
  'tourism',
  'transportation',
  'seethesites.com');
INSERT INTO Company VALUES(5432198760,
  '9 Acadian Avenue',
  70047,
  'technology',
  'computer hardware',
  'computerfixit.com');
INSERT INTO Company VALUES(8749348561,
  '84 Dingo Boulevard',
  23895,
  'technology',
  'software',
  'wecodestuff.com');
INSERT INTO Company VALUES(4123123567,
  '642 Buckle Lane',
  60743,
  'oil and mining',
  'construction',
  'digginforoil.com');
INSERT INTO Company VALUES(7491036712,
  '414 Sergey Road',
  85312,
  'education',
  'math',
  'getyourmathon.com');
INSERT INTO Company VALUES(1230987654,
  '1 Git Street',
  11111,
  'service',
  'logistics service',
  'notacluewhatido.com');
INSERT INTO Company VALUES(3489120754,
  '987 Waterloo Drive',
  59111,
  'technology',
  'IT consulting',
  'fixwhatisbroken.com');
INSERT INTO Company VALUES(1230123012,
  '430 Cactus Avenue',
  44449,
  'entertainment',
  'television',
  'famouspeople.com');
INSERT INTO Company VALUES(2200440066,
  '509 Turtle Boulevard',
  82555,
  'oil and mining',
  'basic materials',
  'tubesandstuff.com');
  
INSERT INTO Company VALUES(4859265691,
  '1 Tiger Lane',
  45385,
  'Education',
  'University',
  'lsulosers.edu');
  
  ------------- Job Profile Tables ---------------
  --pos_code NUMBER(10)
  --title VARCHAR(50)
  --description VARCHAR(256)
  --avg_pay NUMBER(8, 2)
  --PRIMARY KEY(pos_code)
  
INSERT INTO job_profile VALUES(1234567890,
  'temp title 1',
  'default desccription',
  422800.00);
  
INSERT INTO job_profile VALUES(2341567912,
  'temp title 2',
  'default description',
  25760.00);
  
INSERT INTO job_profile VALUES(5432198760,
  'temp title 3',
  'default description',
  51700.00);
  
INSERT INTO job_profile VALUES(8749348561,
  'tempt title 4',
  'default description',
  50560.00);
  
INSERT INTO job_profile VALUES(4567123456,
  'tempt title 5',
  'default description',
  84480.00);
  
INSERT INTO job_profile VALUES(7491036712,
  'tempt title 6',
  'default description',
  45000.00);
  
INSERT INTO job_profile VALUES(1230987654,
  'tempt title 7',
  'default description',
  86400.00);
  
INSERT INTO job_profile VALUES(3489120754,
  'tempt title 8',
  'default description',
  57600.00);
  
INSERT INTO job_profile VALUES(1230123012,
  'tempt title 9',
  'default description',
  54800.00);
  
INSERT INTO job_profile VALUES(2200440066,
  'tempt title 10',
  'default description',
  45600.00);
  
--------------- Job Table ---------------------
-- Job Code
-- Job Type
-- Pay_rate
-- Pay_type
-- comp_id
-- pos_code

INSERT INTO Job VALUES(432167890,
  002,
  18.00,
  002,
  8749348561,
  1234567890);
INSERT INTO Job VALUES(432167891,
  001,
  50000.00,
  001,
  1230123012,
  1234567890);
INSERT INTO Job VALUES(2309459380,
  002,
  12.00,
  002,
  5432198760,
  2341567912);
INSERT INTO Job VALUES(2309459381,
  001,
  40000.00,
  001,
  1230123012,
  2341567912);
INSERT INTO Job VALUES(6543164840,
  002,
  20.00,
  002,
  4123123567,
  5432198760);
INSERT INTO Job VALUES(6543164841,
  001,
  65000.00,
  001,
  1230123012,
  5432198760);
INSERT INTO Job VALUES(9924573240,
  002,
  22.00,
  002,
  1234567890,
  8749348561);
INSERT INTO Job VALUES(9924573241,
  001,
  80000.00,
  001,
  2200440066,
  8749348561);
INSERT INTO Job VALUES(2317914560,
  001,
  43.00,
  002,
  4123123567,
  4567123456);
INSERT INTO Job VALUES(2317914561,
  001,
  45.00,
  002,
  4123123567,
  4567123456);
INSERT INTO Job VALUES(4592351230,
  001,
  45000.00,
  001,
  3489120754,
  7491036712);
INSERT INTO Job VALUES(4592351231,
  001,
  50000.00,
  001,
  5432198760,
  7491036712);
INSERT INTO Job VALUES(4592351232,
  001,
  40000.00,
  001,
  3489120754,
  7491036712);
INSERT INTO Job VALUES(9097411340,
  001,
  80.00,
  002,
  1230987654,
  1230987654);
INSERT INTO Job VALUES(9097411341,
  002,
  20.00,
  002,
  5432198760,
  1230987654);
INSERT INTO Job VALUES(6781234590,
  002,
  35.00,
  002,
  2341567912,
  3489120754);
INSERT INTO Job VALUES(6781234591,
  002,
  25.00,
  002,
  1230987654,
  3489120754);
INSERT INTO Job VALUES(6781234592,
  001,
  60.00,
  002,
  2341567912,
  3489120754);
INSERT INTO Job VALUES(4758692430,
  002,
  10.00,
  002,
  2200440066,
  1230123012);
INSERT INTO Job VALUES(4758692431,
  001,
  100000.00,
  001,
  1234567890,
  1230123012);
INSERT INTO Job VALUES(5432198760,
  002,
  25.00,
  002,
  7491036712,
  2200440066);
INSERT INTO Job VALUES(5432198761,
  001,
  35.00,
  002,
  1234567890,
  2200440066);
  
-------------- Knowledge_skill table ------------- 
INSERT INTO knowledge_skill VALUES(1693474380,
  'Analysis1',
  'description',
  001);
INSERT INTO knowledge_skill VALUES(1693474381,
  'Analysis2',
  'description',
  002);
INSERT INTO knowledge_skill VALUES(1693474382,
  'Analysis3',
  'description',
  003);
INSERT INTO knowledge_skill VALUES(6292528840,
  'Computer1',
  'description',
  001);
INSERT INTO knowledge_skill VALUES(6292528841,
  'Computer2',
  'description',
  002);
INSERT INTO knowledge_skill VALUES(6292528842,
  'Computer3',
  'description',
  003);
INSERT INTO knowledge_skill VALUES(2199384300,
  'Database1',
  'description',
  001);
INSERT INTO knowledge_skill VALUES(2199384301,
  'Database2',
  'description',
  002);
INSERT INTO knowledge_skill VALUES(2199384302,
  'Database3',
  'description',
  003);
INSERT INTO knowledge_skill VALUES(9241478170,
  'Documentation1',
  'description',
  001);
INSERT INTO knowledge_skill VALUES(9241478171,
  'Documentation2',
  'description',
  002);
INSERT INTO knowledge_skill VALUES(9241478172,
  'Documentation3',
  'description',
  003);
  
INSERT INTO knowledge_skill VALUES(8247341210,
  'Coding1',
  'description',
  001);
INSERT INTO knowledge_skill VALUES(8247341211,
  'Coding2',
  'description',
  002);
INSERT INTO knowledge_skill VALUES(8247341212,
  'Coding3',
  'description',
  003);
INSERT INTO knowledge_skill VALUES(9090234520,
  'Infrastructure1',
  'description',
  001);
INSERT INTO knowledge_skill VALUES(9090234521,
   'Infrastructure2',
   'description',
   002);
INSERT INTO knowledge_skill VALUES(9090234522,
  'Infrastructure3',
  'description',
  003);
INSERT INTO knowledge_skill VALUES(2010203450,
  'Languages1',
  'description',
  001);
INSERT INTO knowledge_skill VALUES(2010203451,
  'Languages2',
  'description',
  002);
INSERT INTO knowledge_skill VALUES(2010203452,
  'Languages3',
  'description',
  003);
INSERT INTO knowledge_skill VALUES(5124367130,
  'Manual Dexterity1',
  'description',
  001);
INSERT INTO knowledge_skill VALUES(5124367131,
  'Manual Dexterity2',
  'description',
  002);
INSERT INTO knowledge_skill VALUES(5124367132,
  'Manual Dexterity3',
  'description',
  003);
INSERT INTO knowledge_skill VALUES(8493764910,
  'Speaking1',
  'description',
  001);
INSERT INTO knowledge_skill VALUES(8493764911,
  'Speaking2',
  'description',
  002);
INSERT INTO knowledge_skill VALUES(3458901231,
  'Engineering2',
  'description',
  002);
INSERT INTO knowledge_skill VALUES(3458901232,
  'Engineering3',
  'description',
  003);
INSERT INTO knowledge_skill VALUES(9281736450,
  'Photography1',
  'description',
  001);
INSERT INTO knowledge_skill VALUES(9281736451,
  'Photography2',
  'description',
  002);
INSERT INTO knowledge_skill VALUES(9281736452,
  'Photography3',
  'description',
  003);
INSERT INTO knowledge_skill VALUES(8371065340,
  'Repairing1',
  'description',
  001);
INSERT INTO knowledge_skill VALUES(8371065341,
  'Repairing2',
  'description',
  002);
INSERT INTO knowledge_skill VALUES(1112223331,
  'Teaching2',
  'description',
  002);
INSERT INTO knowledge_skill VALUES(1112223332,
  'Teaching3',
  'description',
  003);
INSERT INTO knowledge_skill VALUES(3344223341,
  'Managing2',
  'description',
  002);
INSERT INTO knowledge_skill VALUES(3344223342,
  'Managing3',
  'description',
  003);
INSERT INTO knowledge_skill VALUES(6262628490,
  'Construction1',
  'description',
  001);
INSERT INTO knowledge_skill VALUES(6262628491,
  'Construction2',
  'description',
  002);
INSERT INTO knowledge_skill VALUES(6262628492,
  'Construction3',
  'description',
  003);

----------------------- Course Table ------------------------
-- c_code NUMBER(5)
-- course_title VARCHAR(50)
-- difficulty NUMBER(3)
-- description VARCHAR(256)
-- status NUMBER(3)
-- retail_price NUMBER(5,2)
INSERT INTO Course VALUES(43911,
  'Public Speaking',
  1,
  'Teaches about speaking to an audience',
  1);

INSERT INTO Course VALUES(34774,
  'Motivational/Convincing Speaking',
  2,
  'Learn to speak with confidence and sway others',
  1);
  
INSERT INTO Course VALUES(65503,
  'Elementary Teaching',
  1,
  'Develop skills to teach young children',
  1);

INSERT INTO Course VALUES(27151,
  'Secondary Teaching',
  2,
  'Develop advanced skills to teach high school/college',
  1);

INSERT INTO Course VALUES(18367,
  'Intro to Databases',
  1,
  'Learn entry level database concepts',
  1);

INSERT INTO Course VALUES(40062,
  'Advanced Database Concepts',
  2,
  'Learn advanced concepts',
  1);
  
INSERT INTO Course VALUES(56737,
  'Database Management and Security',
  3,
  'Learn about system administration and security practices',
  1);

INSERT INTO Course VALUES(38268,
  'Handy Man 101',
  1,
  'Learn how to use a drill, hammer, etc',
  1);

INSERT INTO Course VALUES(58278,
  'Carpentry Studies',
  2,
  'Learn about carpentry',
  1);
  
INSERT INTO Course VALUES(47479,
  'Advanced Construction Methods',
  3,
  'Essential construction concepts for residential/commercial',
  1);
  
INSERT INTO Course VALUES(75118,
  'Basic Electrical Drawings and Test Equipment',
  2,
  'Discuss drawing plans and specification requirements',
  1);

INSERT INTO Course VALUES(38923,
  'Advanced Electrical Trade',
  3,
  'Discuss modern day eletric power technologies and implementations',
  1);
  
INSERT INTO Course VALUES(43003,
  '(oil) Machinery Modelling and Optimization',
  3,
  'Finding optimal technical solutions for industry machinery',
  1);
  
INSERT INTO Course VALUES(17106,
  'Art and Photography I',
  1,
  'Develop basic skills in multiple facets of art',
  1);
  
INSERT INTO Course VALUES(35043,
  'Advanced Lighting and Angles',
  3,
  'Learn professional skills used in movie and television sets',
  1);

INSERT INTO Course VALUES(21640,
  'Fundamentals of Computing',
  1,
  'Learn basic computer programming principles',
  1);
  
INSERT INTO Course VALUES(96355,
  'Software Product Management',
  2,
  'Learn how to manage your software products',
  1);
  
INSERT INTO Course VALUES(64240,
  'Agile Development',
  2,
  'Learn about development process practices',
  1);
  
INSERT INTO Course VALUES(26875,
  'Advanced Algorithms and Complexity',
  3,
  'Enhance understanding of algorithm analysis and function',
  1);
  
INSERT INTO Course VALUES(79109,
  'Software Product Management',
  2,
  'Learn to lead a team with an agile production process',
  1);
  
INSERT INTO Course VALUES(74114,
  'Hospitality and Correctness',
  1,
  'Learn how to engage people and make them feel welcome',
  1);
  
INSERT INTO Course VALUES(35923,
  'Computer Architecture',
  2,
  'Learn about computer design and physical components',
  1);
  
INSERT INTO Course VALUES(24824,
  'The Business of Producing',
  2,
  'Develop framework of understanding dynamis of producing creative products',
  1);
  
INSERT INTO Course VALUES(96050,
  'Movie Marketing',
  2,
  'Learn about movie marketing',
  1);
  
INSERT INTO Course VALUES(58300,
  'Learning about Office Suite',
  1,
  'Get to know about Microsoft Office and other paperwork stuff',
  1);
  
----------- Section Table --------------
-- c_code NUMBER(5)
-- sec_no NUMBER(3)
-- complete_date DATE
-- year_off NUMBER(4)
-- format_ type NUMBER(3)
-- price NUMBER(5,2)
-- comp_id NUMBER(10)
INSERT INTO Section VALUES(43911,
  001,
  '13-MAY-16',
  2016,
  002,
  200.00,
  1230123012);

INSERT INTO Section VALUES(43911,
  002,
  '25-MAY-16',
  2016,
  001,
  245.00,
  1230123012);

INSERT INTO Section VALUES(34774,
  001,
  '20-JUNE-16',
  2016,
  001,
  340.00,
  1230123012);

INSERT INTO Section VALUES(65503,
  001,
  '10-JULY-16',
  2016,
  001,
  500.00,
  4859265691);

INSERT INTO Section VALUES(65503,
  002,
  '21-JUNE-16',
  2016,
  003,
  430.00,
  4859265691);

INSERT INTO Section VALUES(27151,
  001,
  '10-JULY-16',
  2016,
  001,
  900.00,
  4859265691);
  
INSERT INTO Section VALUES(18367,
  001,
  '27-JUNE-16',
  2016,
  002,
  275.00,
  8749348561);
  
INSERT INTO Section VALUES(18367,
  001,
  '10-JUNE-16',
  2016,
  003,
  200.00,
  3489120754);

INSERT INTO Section VALUES(40062,
  001,
  '24-JUNE-16',
  2016,
  001,
  475.00,
  8749348561);
  
INSERT INTO Section VALUES(40062,
  001,
  '28-JUNE-16',
  2016,
  001,
  525.00,
  3489120754);
  
INSERT INTO Section VALUES(56737,
  001,
  '10-AUG-16',
  2016,
  001,
  600.00,
  4859265691);
  
INSERT INTO Section VALUES(38268,
  001,
  '12-JUNE-16',
  2016,
  001,
  150.00,
  4123123567);
  
INSERT INTO Section VALUES(38268,
  002,
  '19-JUNE-16',
  2016,
  001,
  150.00,
  4123123567);
  
INSERT INTO Section VALUES(58278,
  001,
  '19-JUNE-16',
  2016,
  001,
  250.00,
  4123123567);
  
INSERT INTO Section VALUES(58278,
  001,
  '24-JUNE-16',
  2016,
  001,
  300.00,
  2200440066);
  
INSERT INTO Section VALUES(47479,
  001,
  '6-JULY-16',
  2016,
  002,
  450.00,
  4123123567);
  
INSERT INTO Section VALUES(75118,
  001,
  '8-JULY-16',
  2016,
  002,
  525.00,
  5432198760);
  
INSERT INTO Section VALUES(75118,
  002,
  '23-JUNE-16',
  2016,
  003,
  435.00,
  5432198760);

INSERT INTO Section VALUES(38923,
  001,
  '20-JULY-16',
  2016,
  001,
  500.00,
  1234567890);
  
INSERT INTO Section VALUES(38923,
  001,
  '15-JUNE-16',
  2016,
  003,
  375.00,
  5432198760);
  
INSERT INTO Section VAlUES(43003,
  001,
  '17-JULY-16',
  2016,
  001,
  515.00,
  4123123567);
  
INSERT INTO Section VALUES(43003,
  002,
  '23-JULY-16',
  2016,
  002,
  400.00,
  4123123567);
  
INSERT INTO Section VALUES(17106,
  001,
  '27-JULY-16',
  2016,
  001,
  350.00,
  4859265691);
  
INSERT INTO Section VALUES(17106,
  001,
  '10-JULY-16',
  2016,
  001,
  300.00,
  1230123012);
  
INSERT INTO Section VALUES(35043,
  001,
  '27-JULY-16',
  2016,
  001,
  550.00,
  4859265691);
  
INSERT INTO Section VALUES(35043,
  001,
  '10-JULY-16',
  2016,
  001,
  500.00,
  1230123012);
  
INSERT INTO Section VALUES(21640,
  001,
  '6-JUNE-16',
  2016,
  003,
  125.00,
  8749348561);
  
INSERT INTO Section VALUES(21640,
  001,
  '6-JUNE-16',
  2016,
  001,
  150.00,
  3489120754);
  
INSERT INTO Section VALUES(96355,
  001,
  '16-JUNE-16',
  2016,
  002,
  415.00,
  8749348561);
  
INSERT INTO Section VALUES(96355,
  001,
  '23-JUNE-16',
  2016,
  001,
  500.00,
  4859265691);
  
INSERT INTO Section VALUES(64240,
  001,
  '20-JUNE-16',
  2016,
  001,
  450.00,
  5432198760);
  
INSERT INTO Section VALUES(64240,
  001,
  '22-JUNE-16',
  2016,
  001,
  465.00,
  8749348561);
  
INSERT INTO Section VALUES(26875,
  001,
  '27-JUNE-16',
  2016,
  002,
  400.00,
  3489120754);
  
INSERT INTO Section VALUES(26875,
  002,
  '24-JUNE-16',
  2016,
  001,
  500.00,
  3489120754);
  
INSERT INTO Section VALUES(26875,
  001,
  '21-JUNE-16',
  2016,
  003,
  375.00,
  8749348561);
  
INSERT INTO Section VALUES(79109,
  001,
  '2-JULY-16',
  2016,
  001,
  620.00,
  3489120754);
  
INSERT INTO Section VALUES(79109,
  001,
  '1-JULY-16',
  2016,
  001,
  520.00,
  4859265691);

INSERT INTO Section VALUES(74114,
  001,
  '11-JUNE-16',
  2016,
  001,
  210.00,
  2341567912);

INSERT INTO Section VALUES(74114,
  001,
  '10-JUNE-16',
  2016,
  001,
  235.00,
  4859265691);

INSERT INTO Section VALUES(35923,
  001,
  '4-JULY-16',
  2016,
  002,
  300.00,
  5432198760);
  
INSERT INTO Section VALUES(24824,
  001,
  '14-JULY-16',
  2016,
  001,
  350.00,
  1230123012);
  
INSERT INTO Section VALUES(24824,
  001,
  '17-JULY-16',
  2016,
  001,
  375.00,
  4859265691);
  
INSERT INTO Section VALUES(96050,
  001,
  '10-JULY-16',
  2016,
  002,
  315.00,
  1230123012);
  
INSERT INTO Section VALUES(58300,
  001,
  '21-JUNE-16',
  2016,
  001,
  100.00,
  3489120754);
  
INSERT INTO Section VALUES(58300,
  001,
  '23-JUNE-16',
  2016,
  002,
  100.00,
  4859265691);
  
  
--------------- Skill_Set table --------------------
-- per_id NUMBER(10)
-- ks_code NUMBER(10)

INSERT INTO skill_set VALUES(1234567890,
	6292528840);

INSERT INTO skill_set VALUES(1234567890,
	3458901232);

INSERT INTO skill_set VALUES(1234567890,
	2199384302);

INSERT INTO skill_set VALUES(1234567890,
	2010203452);

INSERT INTO skill_set VALUES(1234567890,
	2010203450);

INSERT INTO skill_set VALUES(1234567890,
	1693474381);

INSERT INTO skill_set VALUES(1234567890,
	5124367131);

INSERT INTO skill_set VALUES(987654321,
	9281736452);

INSERT INTO skill_set VALUES(987654321,
	8247341211);

INSERT INTO skill_set VALUES(987654321,
	9241478171);

INSERT INTO skill_set VALUES(987654321,
	2199384300);

INSERT INTO skill_set VALUES(987654321,
	1693474382);

INSERT INTO skill_set VALUES(987654321,
	6292528841);

INSERT INTO skill_set VALUES(987654321,
	8493764910);

INSERT INTO skill_set VALUES(1111111111,
	9281736451);

INSERT INTO skill_set VALUES(1111111111,
	9241478170);

INSERT INTO skill_set VALUES(1111111111,
	5124367131);

INSERT INTO skill_set VALUES(1111111111,
	1112223332);

INSERT INTO skill_set VALUES(1111111111,
	2199384301);

INSERT INTO skill_set VALUES(1111111111,
	3344223342);

INSERT INTO skill_set VALUES(1111111111,
	2010203450);

INSERT INTO skill_set VALUES(2222222222,
	6262628490);

INSERT INTO skill_set VALUES(2222222222,
	9241478170);

INSERT INTO skill_set VALUES(2222222222,
	8493764911);

INSERT INTO skill_set VALUES(2222222222,
	9281736452);

INSERT INTO skill_set VALUES(2222222222,
	3344223341);

INSERT INTO skill_set VALUES(2222222222,
	8247341211);

INSERT INTO skill_set VALUES(2222222222,
	2199384300);

INSERT INTO skill_set VALUES(3412569078,
	6262628490);

INSERT INTO skill_set VALUES(3412569078,
	1112223331);

INSERT INTO skill_set VALUES(3412569078,
	9090234522);

INSERT INTO skill_set VALUES(3412569078,
	2199384301);

INSERT INTO skill_set VALUES(3412569078,
	9281736451);

INSERT INTO skill_set VALUES(3412569078,
	8247341212);

INSERT INTO skill_set VALUES(3412569078,
	3458901231);

INSERT INTO skill_set VALUES(9182736450,
	9090234520);

INSERT INTO skill_set VALUES(9182736450,
	6292528840);

INSERT INTO skill_set VALUES(9182736450,
	8371065341);

INSERT INTO skill_set VALUES(9182736450,
	1693474382);

INSERT INTO skill_set VALUES(9182736450,
	3344223341);

INSERT INTO skill_set VALUES(9182736450,
	2199384302);

INSERT INTO skill_set VALUES(9182736450,
	3458901231);

INSERT INTO skill_set VALUES(7701488321,
	8493764910);

INSERT INTO skill_set VALUES(7701488321,
	9281736451);

INSERT INTO skill_set VALUES(7701488321,
	5124367130);

INSERT INTO skill_set VALUES(7701488321,
	9090234521);

INSERT INTO skill_set VALUES(7701488321,
	2010203450);

INSERT INTO skill_set VALUES(7701488321,
	9090234520);

INSERT INTO skill_set VALUES(7701488321,
	2199384301);

INSERT INTO skill_set VALUES(4444444444,
	8493764911);

INSERT INTO skill_set VALUES(4444444444,
	3458901231);

INSERT INTO skill_set VALUES(4444444444,
	9241478171);

INSERT INTO skill_set VALUES(4444444444,
	9090234522);

INSERT INTO skill_set VALUES(4444444444,
	1693474382);

INSERT INTO skill_set VALUES(4444444444,
	2010203450);

INSERT INTO skill_set VALUES(4444444444,
	3458901232);

INSERT INTO skill_set VALUES(5555555555,
	8493764910);

INSERT INTO skill_set VALUES(5555555555,
	8371065341);

INSERT INTO skill_set VALUES(5555555555,
	1112223332);

INSERT INTO skill_set VALUES(5555555555,
	8247341210);

INSERT INTO skill_set VALUES(5555555555,
	8247341212);

INSERT INTO skill_set VALUES(5555555555,
	1693474382);

INSERT INTO skill_set VALUES(5555555555,
	6262628491);

INSERT INTO skill_set VALUES(6969696969,
	9241478171);

INSERT INTO skill_set VALUES(6969696969,
	2199384301);

INSERT INTO skill_set VALUES(6969696969,
	8247341210);

INSERT INTO skill_set VALUES(6969696969,
	5124367131);

INSERT INTO skill_set VALUES(6969696969,
	8247341212);

INSERT INTO skill_set VALUES(6969696969,
	5124367132);

INSERT INTO skill_set VALUES(6969696969,
	1112223331);

INSERT INTO skill_set VALUES(6666666666,
	9241478171);

INSERT INTO skill_set VALUES(6666666666,
	1112223331);

INSERT INTO skill_set VALUES(6666666666,
	9090234522);

INSERT INTO skill_set VALUES(6666666666,
	5124367130);

INSERT INTO skill_set VALUES(6666666666,
	2010203450);

INSERT INTO skill_set VALUES(6666666666,
	9090234521);

INSERT INTO skill_set VALUES(6666666666,
	9241478172);

INSERT INTO skill_set VALUES(4545454545,
	6262628491);

INSERT INTO skill_set VALUES(4545454545,
	2010203452);

INSERT INTO skill_set VALUES(4545454545,
	1693474382);

INSERT INTO skill_set VALUES(4545454545,
	2010203451);

INSERT INTO skill_set VALUES(4545454545,
	6292528841);

INSERT INTO skill_set VALUES(4545454545,
	8247341211);

INSERT INTO skill_set VALUES(4545454545,
	6262628490);

INSERT INTO skill_set VALUES(8105432678,
	2010203451);

INSERT INTO skill_set VALUES(8105432678,
	6292528842);

INSERT INTO skill_set VALUES(8105432678,
	9241478172);

INSERT INTO skill_set VALUES(8105432678,
	6292528841);

INSERT INTO skill_set VALUES(8105432678,
	9090234522);

INSERT INTO skill_set VALUES(8105432678,
	6292528840);

INSERT INTO skill_set VALUES(8105432678,
	8247341211);

INSERT INTO skill_set VALUES(2580134679,
	8493764910);

INSERT INTO skill_set VALUES(2580134679,
	1693474382);

INSERT INTO skill_set VALUES(2580134679,
	1112223332);

INSERT INTO skill_set VALUES(2580134679,
	3344223342);

INSERT INTO skill_set VALUES(2580134679,
	9281736452);

INSERT INTO skill_set VALUES(2580134679,
	6262628490);

INSERT INTO skill_set VALUES(2580134679,
	8493764911);

INSERT INTO skill_set VALUES(6543290133,
	3344223341);

INSERT INTO skill_set VALUES(6543290133,
	8371065340);

INSERT INTO skill_set VALUES(6543290133,
	8247341211);

INSERT INTO skill_set VALUES(6543290133,
	2199384302);

INSERT INTO skill_set VALUES(6543290133,
	5124367131);

INSERT INTO skill_set VALUES(6543290133,
	9281736452);

INSERT INTO skill_set VALUES(6543290133,
	6262628490);

INSERT INTO skill_set VALUES(2299447755,
	9241478172);

INSERT INTO skill_set VALUES(2299447755,
	1112223331);

INSERT INTO skill_set VALUES(2299447755,
	8493764911);

INSERT INTO skill_set VALUES(2299447755,
	8247341211);

INSERT INTO skill_set VALUES(2299447755,
	3344223342);

INSERT INTO skill_set VALUES(2299447755,
	8371065340);

INSERT INTO skill_set VALUES(2299447755,
	9241478170);






------------- Skill_required table ---------

INSERT INTO skills_required VALUES(1234567890,
	1693474381);

INSERT INTO skills_required VALUES(1234567890,
	6292528840);

INSERT INTO skills_required VALUES(1234567890,
	6292528841);

INSERT INTO skills_required VALUES(1234567890,
	9241478170);




INSERT INTO skills_required VALUES(2341567912,
	6292528840);

INSERT INTO skills_required VALUES(2341567912,
	6292528841);

INSERT INTO skills_required VALUES(2341567912,
	9241478170);

INSERT INTO skills_required VALUES(2341567912,
	5124367130);

INSERT INTO skills_required VALUES(2341567912,
	8371065340);





INSERT INTO skills_required VALUES(5432198760,
	6262628490);

INSERT INTO skills_required VALUES(5432198760,
	6262628491);

INSERT INTO skills_required VALUES(5432198760,
	5124367130);

INSERT INTO skills_required VALUES(5432198760,
	3344223341);

INSERT INTO skills_required VALUES(5432198760,
	9241478170);

INSERT INTO skills_required VALUES(5432198760,
	2010203450);





  INSERT INTO skills_required VALUES(8749348561,
	9090234520);

INSERT INTO skills_required VALUES(8749348561,
	5124367130);

INSERT INTO skills_required VALUES(8749348561,
	5124367131);

INSERT INTO skills_required VALUES(8749348561,
	3458901231);

INSERT INTO skills_required VALUES(8749348561,
	6262628490);





INSERT INTO skills_required VALUES(4567123456,
	3344223342);

INSERT INTO skills_required VALUES(4567123456,
	3344223341);

INSERT INTO skills_required VALUES(4567123456,
	8493764910);

INSERT INTO skills_required VALUES(4567123456,
	6262628491);

INSERT INTO skills_required VALUES(4567123456,
	9241478171);

INSERT INTO skills_required VALUES(4567123456,
	6292528840);




INSERT INTO skills_required VALUES(7491036712,
	6292528840);

INSERT INTO skills_required VALUES(7491036712,
	6292528841);

INSERT INTO skills_required VALUES(7491036712,
	6292528842);

INSERT INTO skills_required VALUES(7491036712,
	8247341210);

INSERT INTO skills_required VALUES(7491036712,
	8371065340);

INSERT INTO skills_required VALUES(7491036712,
	1693474380);





INSERT INTO skills_required VALUES(1230987654,
	1693474381);

INSERT INTO skills_required VALUES(1230987654,
	6292528840);

INSERT INTO skills_required VALUES(1230987654,
	8247341210);

INSERT INTO skills_required VALUES(1230987654,
	3458901231);

INSERT INTO skills_required VALUES(1230987654,
	3344223341);





INSERT INTO skills_required VALUES(3489120754,
	3344223341);

INSERT INTO skills_required VALUES(3489120754,
	8493764910);

INSERT INTO skills_required VALUES(3489120754,
	8493764911);

INSERT INTO skills_required VALUES(3489120754,
	1112223331);




INSERT INTO skills_required VALUES(1230123012,
	3344223342);

INSERT INTO skills_required VALUES(1230123012,
	3344223341);

INSERT INTO skills_required VALUES(1230123012,
	3458901231);

INSERT INTO skills_required VALUES(1230123012,
	5124367130);

INSERT INTO skills_required VALUES(1230123012,
	5124367131);

INSERT INTO skills_required VALUES(1230123012,
	9241478170);

INSERT INTO skills_required VALUES(1230123012,
	9241478171);



INSERT INTO skills_required VALUES(2200440066,
	6292528840);

INSERT INTO skills_required VALUES(2200440066,
	1693474380);

INSERT INTO skills_required VALUES(2200440066,
	9241478171);

INSERT INTO skills_required VALUES(2200440066,
	8247341210);

INSERT INTO skills_required VALUES(2200440066,
	9090234520);

INSERT INTO skills_required VALUES(2200440066,
	8493764910);

INSERT INTO skills_required VALUES(2200440066,
	1112223332);


--------------- Skills_taught table ------------
-- c_code NUMBER(5)
-- ks_code NUMBER(10)

INSERT INTO skills_taught VALUES(43911,
	8493764910);

INSERT INTO skills_taught VALUES(43911,
	9241478170);

INSERT INTO skills_taught VALUES(34774,
	8493764911);

INSERT INTO skills_taught VALUES(34774,
	8493764910);

INSERT INTO skills_taught VALUES(34774,
	5124367130);

INSERT INTO skills_taught VALUES(65503,
	5124367130);

INSERT INTO skills_taught VALUES(65503,
	9241478170);

INSERT INTO skills_taught VALUES(65503,
	2010203450);

INSERT INTO skills_taught VALUES(65503,
	1112223331);

INSERT INTO skills_taught VALUES(27151,
	1112223332);

INSERT INTO skills_taught VALUES(27151,
	8493764911);

INSERT INTO skills_taught VALUES(27151,
	9241478171);

INSERT INTO skills_taught VALUES(27151,
	6292528840);

INSERT INTO skills_taught VALUES(18367,
	2199384300);

INSERT INTO skills_taught VALUES(18367,
	9090234520);

INSERT INTO skills_taught VALUES(18367,
	1693474380);

INSERT INTO skills_taught VALUES(40062,
	2199384301);

INSERT INTO skills_taught VALUES(40062,
	8247341210);

INSERT INTO skills_taught VALUES(40062,
	9090234521);

INSERT INTO skills_taught VALUES(40062,
	1693474380);

INSERT INTO skills_taught VALUES(56737,
	2199384302);

INSERT INTO skills_taught VALUES(56737,
	3344223341);

INSERT INTO skills_taught VALUES(56737,
	9241478171);

INSERT INTO skills_taught VALUES(56737,
	9090234522);

INSERT INTO skills_taught VALUES(56737,
	1693474381);

INSERT INTO skills_taught VALUES(56737,
	8493764910);
  
INSERT INTO skills_taught VALUES(38268,
	6262628490);

INSERT INTO skills_taught VALUES(38268,
	8371065340);

INSERT INTO skills_taught VALUES(38268,
	5124367130);

INSERT INTO skills_taught VALUES(58278,
	6262628491);

INSERT INTO skills_taught VALUES(58278,
	8371065340);

INSERT INTO skills_taught VALUES(47479,
	6262628492);

INSERT INTO skills_taught VALUES(47479,
	8371065341);

INSERT INTO skills_taught VALUES(47479,
	3458901231);

INSERT INTO skills_taught VALUES(47479,
	9241478170);

INSERT INTO skills_taught VALUES(75118,
	3458901231);

INSERT INTO skills_taught VALUES(75118,
	6262628490);

INSERT INTO skills_taught VALUES(75118,
	6292528840);

INSERT INTO skills_taught VALUES(75118,
	5124367131);

INSERT INTO skills_taught VALUES(38923,
	8371065341);

INSERT INTO skills_taught VALUES(38923,
	6262628492);

INSERT INTO skills_taught VALUES(38923,
	5124367132);

INSERT INTO skills_taught VALUES(43003,
	6292528841);

INSERT INTO skills_taught VALUES(43003,
	9241478170);

INSERT INTO skills_taught VALUES(43003,
	8247341210);

INSERT INTO skills_taught VALUES(43003,
	3458901231);

INSERT INTO skills_taught VALUES(43003,
	6262628490);

INSERT INTO skills_taught VALUES(17106,
	9281736450);

INSERT INTO skills_taught VALUES(35043,
	9281736451);

INSERT INTO skills_taught VALUES(35043,
	9281736452);

INSERT INTO skills_taught VALUES(21640,
	6292528840);

INSERT INTO skills_taught VALUES(21640,
	8247341210);

INSERT INTO skills_taught VALUES(21640,
	1693474380);

INSERT INTO skills_taught VALUES(96355,
	8247341211);

INSERT INTO skills_taught VALUES(96355,
	9090234520);

INSERT INTO skills_taught VALUES(96355,
	6292528841);

INSERT INTO skills_taught VALUES(96355,
	1693474381);

INSERT INTO skills_taught VALUES(64240,
	6292528841);

INSERT INTO skills_taught VALUES(64240,
	6292528842);

INSERT INTO skills_taught VALUES(64240,
	2199384300);

INSERT INTO skills_taught VALUES(64240,
	8247341210);

INSERT INTO skills_taught VALUES(64240,
	9241478171);

INSERT INTO skills_taught VALUES(64240,
	8493764910);

INSERT INTO skills_taught VALUES(26875,
	1693474382);

INSERT INTO skills_taught VALUES(26875,
	6292528842);

INSERT INTO skills_taught VALUES(26875,
	9241478172);

INSERT INTO skills_taught VALUES(26875,
	8247341211);

INSERT INTO skills_taught VALUES(26875,
	8247341212);

INSERT INTO skills_taught VALUES(79109,
	3344223341);

INSERT INTO skills_taught VALUES(79109,
	3344223342);

INSERT INTO skills_taught VALUES(79109,
	9241478171);

INSERT INTO skills_taught VALUES(79109,
	8493764911);

INSERT INTO skills_taught VALUES(79109,
	2199384301);

INSERT INTO skills_taught VALUES(74114,
	2010203451);

INSERT INTO skills_taught VALUES(74114,
	8493764910);

INSERT INTO skills_taught VALUES(35923,
	6292528842);

INSERT INTO skills_taught VALUES(35923,
	6292528841);

INSERT INTO skills_taught VALUES(35923,
	9241478170);

INSERT INTO skills_taught VALUES(35923,
	8247341210);

INSERT INTO skills_taught VALUES(35923,
	9090234521);

INSERT INTO skills_taught VALUES(35923,
	3458901231);

INSERT INTO skills_taught VALUES(24824,
	3344223341);

INSERT INTO skills_taught VALUES(24824,
	9281736451);

INSERT INTO skills_taught VALUES(24824,
	8493764910);

INSERT INTO skills_taught VALUES(24824,
	2010203450);

INSERT INTO skills_taught VALUES(24824,
	9241478170);

INSERT INTO skills_taught VALUES(96050,
	3344223342);

INSERT INTO skills_taught VALUES(96050,
	9281736452);

INSERT INTO skills_taught VALUES(96050,
	8493764911);

INSERT INTO skills_taught VALUES(96050,
	2010203452);

INSERT INTO skills_taught VALUES(96050,
	2010203451);

INSERT INTO skills_taught VALUES(96050,
	9241478171);

INSERT INTO skills_taught VALUES(96050,
	9241478172);

INSERT INTO skills_taught VALUES(58300,
	6292528840);

INSERT INTO skills_taught VALUES(58300,
	9241478170);

INSERT INTO skills_taught VALUES(58300,
	9090234520);

INSERT INTO skills_taught VALUES(58300,
	5124367130);

----------------- Works table -----------------
-- work_id NUMBER(10)
-- per_id NUMBER(10)
-- job_code NUMBER(10)
-- status NUMBER(3)
-- pay_rate NUMBER(8,2)
-- pay_type NUMBER(3)
-- job_type NUMBER(3)

INSERT INTO Works VALUES(3885749694,
  1234567890,
  4758692431,
  003,
  100000.00,
  001,
  001);
  
INSERT INTO Works VALUES(8159869902,
  987654321,
  4758692431,
  004,
  90000.00,
  001,
  001);
  
INSERT INTO Works VALUES(8159869903,
  987654321,
  9924573240,
  003,
  22.00,
  002,
  002);
  
INSERT INTO Works VALUES(7717727991,
  1111111111,
  4758692430,
  004,
  9.00,
  002,
  002);
  
INSERT INTO Works VALUES(7717727992,
  1111111111,
  4758692430,
  003,
  10.00,
  002,
  002);
  
INSERT INTO Works VALUES(2412448203,
  2222222222,
  2309459380,
  003,
  12.00,
  002,
  002);
  
INSERT INTO Works VALUES(0827295106,
  3412569078,
  6781234591,
  003,
  25.00,
  002,
  002);
  
INSERT INTO Works VALUES(4579104234,
  9182736450,
  5432198760,
  004,
  20.00,
  002,
  002);
  
INSERT INTO Works VALUES(4579104235,
  9182736450,
  5432198760,
  004,
  22.00,
  002,
  002);
  
INSERT INTO Works VALUES(4579104236,
  9182736450,
  5432198760,
  003,
  25.00,
  002,
  002);
  
INSERT INTO Works VALUES(4170470433,
  7701488321,
  432167891,
  003,
  50000.00,
  001,
  001);
  
INSERT INTO Works VALUES(4470731489,
  4444444444,
  432167890,
  003,
  18.00,
  002,
  002);
  
INSERT INTO Works VALUES(9611016442,
  5555555555,
  4592351231,
  003,
  50000.00,
  001,
  001);
  
INSERT INTO Works VALUES(6408481897,
  6969696969,
  9924573241,
  003,
  80000.00,
  001,
  001);
  
INSERT INTO Works VALUES(1656697235,
  6666666666,
  2317914560,
  003,
  43.00,
  002,
  001);
  
INSERT INTO Works VALUES(1503917059,
  4545454545,
  6543164841,
  003,
  65000.00,
  001,
  001);
  
INSERT INTO Works VALUES(3993422853,
  8105432678,
  9097411340,
  003,
  80.00,
  002,
  001);
  
INSERT INTO Works VALUES(0384582185,
  2580134679,
  2317914561,
  003,
  45.00,
  002,
  001);
  
INSERT INTO Works VALUES(5580366931,
  6543290133,
  6781234592,
  003,
  60.00,
  002,
  001);
  
INSERT INTO Works VALUES(9436300306,
  2299447755,
  9924573240,
  003,
  22.00,
  002,
  002);